Direito Empresarial,2025-02-18 05:47:48,2025-02-18 06:37:48,50 min
Direito Empresarial,2025-02-18 05:47:48,2025-02-18 06:37:48,50 min
Direito Empresarial,2025-02-18 08:31:15,2025-02-18 09:21:15,50 min
Direito Empresarial,2025-02-18 12:28:43,2025-02-18 13:18:43,50 min
Direito Empresarial,2025-02-19 09:33:50,2025-02-19 10:23:50,50 min
Direito Empresarial,2025-02-19 16:04:22,2025-02-19 16:29:22,25 min
Direito Empresarial,2025-02-20 06:18:09,2025-02-20 06:43:09,25 min
Direito Empresarial,2025-02-20 06:18:09,2025-02-20 06:43:09,25 min
Direito Empresarial,2025-02-20 07:57:22,2025-02-20 08:47:22,50 min
Direito Empresarial,2025-02-20 07:57:22,2025-02-20 08:47:22,50 min
Direito Empresarial,2025-02-20 09:44:17,2025-02-20 10:09:17,25 min
Direito Empresarial,2025-02-20 10:46:22,2025-02-20 11:11:22,25 min
Direito Empresarial,2025-02-20 10:46:22,2025-02-20 11:11:22,25 min
Direito Empresarial,2025-02-20 16:50:49,2025-02-20 17:15:49,25 min
Direito Empresarial,2025-02-21 09:49:10,2025-02-21 10:39:10,50 min
Direito Empresarial,2025-02-21 11:59:11,2025-02-21 12:49:11,50 min
Direito Administrativo,2025-02-22 11:31:31,2025-02-22 12:21:31,50 min
Direito Administrativo,2025-02-24 08:30:58,2025-02-24 09:20:58,50 min
Direito Administrativo,2025-02-25 09:04:50,2025-02-25 09:54:50,50 min
Direito Administrativo,2025-02-26 09:32:51,2025-02-26 10:22:51,50 min
Direito Administrativo,2025-02-28 09:38:40,2025-02-28 10:28:40,50 min
Direito Constitucional,2025-03-06 07:29:27,2025-03-06 08:19:27,50 min
Direito Constitucional,2025-03-06 07:29:27,2025-03-06 08:19:27,50 min
Direito Constitucional,2025-03-06 11:30:04,2025-03-06 12:20:04,50 min
Direito Constitucional,2025-03-06 14:29:43,2025-03-06 15:19:43,50 min
Direito Notarial e Registral,2025-04-01 14:45:13,2025-04-01 15:35:13,50 min
Direito Notarial e Registral,2025-04-02 10:59:40,2025-04-02 11:49:40,50 min
Direito Notarial e Registral,2025-04-02 12:58:10,2025-04-02 13:48:10,50 min
Direito Notarial e Registral,2025-04-02 12:58:10,2025-04-02 13:48:10,50 min
Direito Notarial e Registral,2025-04-02 16:19:52,2025-04-02 17:09:52,50 min
Direito Notarial e Registral,2025-04-03 13:33:00,2025-04-03 13:58:00,25 min
Direito Notarial e Registral,2025-04-19 14:54:15,2025-04-19 15:44:15,50 min
Direito Notarial e Registral,2025-04-21 14:07:51,2025-04-21 14:57:51,50 min
Direito Notarial e Registral,2025-04-22 04:01:55,2025-04-22 04:51:55,50 min
Direito Notarial e Registral,2025-04-22 13:04:56,2025-04-22 13:54:56,50 min
Direito Notarial e Registral,2025-04-23 06:49:42,2025-04-23 07:39:42,50 min
Direito Notarial e Registral,2025-04-23 11:14:31,2025-04-23 12:04:31,50 min
Direito Civil,2025-07-29 18:26:06,2025-07-29 18:27:06,1 min
Direito Notarial e Registral,2025-08-28 16:55:15,2025-08-28 17:20:15,25 min
Direito Notarial e Registral,2025-08-28 16:55:15,2025-08-28 17:20:15,25 min
Direito Notarial e Registral,2025-08-28 16:55:43,2025-08-28 16:56:43,1 min
Direito Notarial e Registral,2025-09-05 19:07:04,2025-09-05 19:32:04,25 min
Direito Notarial e Registral,2025-09-05 19:07:04,2025-09-05 19:32:04,25 min
Direito Notarial e Registral,2025-09-05 19:07:22,2025-09-05 19:08:22,1 min
Direito Notarial e Registral,2025-09-05 20:59:43,2025-09-05 21:00:43,1 min
Direito Notarial e Registral,2025-11-10 19:10:01,2025-11-10 19:35:01,25 min
Direito Notarial e Registral,2025-11-11 16:30:18,2025-11-11 17:20:18,50 min
Direito Notarial e Registral,2025-11-12 16:28:10,2025-11-12 17:18:10,50 min
Direito Notarial e Registral,2025-11-15 15:09:27,2025-11-15 15:59:27,50 min
Direito Notarial e Registral,2025-11-17 15:39:19,2025-11-17 16:29:19,50 min
Direito Notarial e Registral,2025-11-17 15:39:19,2025-11-17 16:29:19,50 min
Direito Notarial e Registral,2025-11-17 18:13:18,2025-11-17 19:03:18,50 min
Direito Notarial e Registral,2025-11-18 16:15:18,2025-11-18 16:19:18,4 min
Direito Notarial e Registral,2025-11-18 16:15:18,2025-11-18 16:19:18,4 min
Direito Notarial e Registral,2025-11-18 16:20:07,2025-11-18 17:10:07,50 min
Direito Notarial e Registral,2025-11-19 16:15:57,2025-11-19 17:05:57,50 min
Direito Notarial e Registral,2025-11-24 16:52:52,2025-11-24 17:42:52,50 min
